コメント,点数,カテゴリ
"MLOpsの概念的な話に終始し、具体的な実装例やコードレベルでの解説がほとんどなかったため、実務にどう活かせば良いのか全くイメージが湧かなかった。",1,講義内容
"Human-in-the-loopの説明が抽象的すぎて、結局何をすれば良いのか分からなかった。アノテーターの管理や品質評価の具体的な手法を学ぶことを期待していたので、肩透かしを食らった気分だ。",1,講義内容
"CI/CD for MLのセクションで紹介されたパイプラインが単純すぎて、現実の複雑なプロジェクトでは全く参考にならないと感じた。基本的なCI/CDとの差分をもっと明確に説明してほしかった。",1,講義内容
"講義資料のスライドに誤字脱字が非常に多く、内容を理解する上でノイズになった。品質管理ができていないと感じ、残念だった。",1,講義資料
"講師の声が小さく、オンラインでの受講だったためほとんど聞き取れなかった。マイクのテストなど、基本的な配信環境の確認を徹底してほしかった。",1,運営
"質疑応答の時間が全く設けられておらず、疑問点を解消することができなかった。一方的な情報伝達で、双方向性が皆無だった。",1,運営
"前提知識として要求されるレベルが明記されておらず、参加してみたら内容が高度すぎて全くついていけなかった。ミスマッチがひどい。",1,その他
"Data-centric MLの重要性は分かったが、結局「良いデータを集めましょう」という精神論に聞こえた。質の悪いデータからどうやって価値を見出すか、といった実践的な話が聞きたかった。",1,講義内容
"MLのモニタリングで紹介されたツールが高価な商用サービスばかりで、OSSで実現する方法についての言及がほとんどなかった。多くの参加者にとって非現実的な内容だったのではないか。",1,講義内容
"演習用の環境構築手順書に不備があり、多くの受講者が環境構築で詰まっていた。サポートも追いついておらず、演習時間の半分以上を無駄にした。",1,運営
"講義資料が単なる文字の羅列で、図やイラストがほとんどなかった。特にMLOpsのアーキテクチャのような複雑な概念は、ビジュアルでの説明が不可欠だと感じた。",1,講義資料
"Human-in-the-loopのパートで、倫理的な側面やアノテーターの労働環境への配慮についての言及が一切なかった。技術的な側面に偏りすぎている。",1,講義内容
"講義の進行が非常に遅く、予定されていた内容の半分も終わらなかった。時間配分に大きな問題がある。",1,運営
"受講料に対して内容が見合っていない。このレベルであれば、オンラインの無料コンテンツで十分に学習できると感じた。",1,その他
"CI/CDパイプラインのセキュリティに関するトピックが完全に欠落していた。モデルやデータに対する脅威について触れないのは、実運用を考えるとあり得ない。",1,講義内容
"配布されたサンプルコードが古く、ライブラリの依存関係が壊れていて動かなかった。メンテナンスされていない資料を提供する姿勢を疑う。",1,講義資料
"休憩時間がほとんどなく、長時間の講義に集中力を維持するのが困難だった。受講者の疲労を全く考慮していない進行だった。",1,運営
"講義のゴールが不明確で、全体を通して何を学ばせるためのものなのかが伝わってこなかった。",1,その他
"モニタリングのセクションで、技術的なメトリクス（精度、AUCなど）の話ばかりで、ビジネスKPIとどう連携させるかという視点が完全に抜け落ちていた。",1,講義内容
"Data-centric MLのアプローチとして、データのラベリングに関する話が中心だったが、そもそもどのようなデータを収集すべきかという上流工程の話が聞きたかった。",1,講義内容
"MLOpsの組織論に時間を割きすぎていた。技術的な詳細を期待していたので、期待外れだった。",2,講義内容
"Human-in-the-loopの事例紹介が、特定の業界に偏りすぎていて、自分の業務への応用をイメージしにくかった。",2,講義内容
"CI/CDのパートは、一般的なWeb開発の知識があれば特に目新しい情報はなかった。もう少しML特有の課題に焦点を当ててほしかった。",2,講義内容
"講義資料の情報量は多かったが、要点が絞られておらず、どこが重要なのか分かりにくかった。後から見返すのが大変だ。",2,講義資料
"オンライン受講者への配慮が足りず、現地の受講者だけで議論が進んでしまう場面が多々あった。疎外感を感じた。",2,運営
"質問に対する講師の回答が的を射ておらず、疑問が解消されなかった。もう少し質問の意図を汲み取ってほしかった。",2,運営
"ハンズオンの時間が短すぎて、ツールの使い方を表面的に触るだけで終わってしまった。もう少し深く試行錯誤する時間が欲しかった。",2,その他
"Data-centric MLのアプローチは理解できたが、それを実践するための具体的なツールセットの紹介が物足りなかった。",2,講義内容
"MLのモニタリングで、データドリフトとモデルドリフトの違いについての説明が曖昧で、理解が深まらなかった。",2,講義内容
"演習の題材が簡単すぎて、実践的なスキルが身についたとは思えなかった。もう少し挑戦的な課題設定にしてほしかった。",2,その他
"講義資料の構成が一貫しておらず、章によって粒度やスタイルがバラバラで読みにくかった。",2,講義資料
"講師の話し方に抑揚がなく、単調で眠気を誘った。もう少しプレゼンテーションのスキルを磨いてほしい。",2,運営
"MLOpsの導入コストやROIについての議論がなく、経営層をどう説得すれば良いのか、という視点が欠けていた。",2,講義内容
"Human-in-the-loopといいつつ、実際はアノテーションツールをどう使うかという話に終始していた。もっと広い視野での解説を期待した。",2,講義内容
"CI/CDのテスト戦略について、単体テストや結合テストの話はあったが、MLモデル特有の評価（頑健性テストなど）に関する言及が薄かった。",2,講義内容
"講義資料の参考文献リストが古く、最新の論文やトレンドが反映されていなかった。",2,講義資料
"運営からのアナウンスが遅く、直前にスケジュール変更などを知らされることがあり、予定が立てにくかった。",2,運営
"受講者間のスキルレベルの差が大きく、質疑応答の内容が初歩的なものに偏りがちだった。",2,その他
"MLモニタリングの対象として、予測結果の公平性やバイアスに関する視点が弱かった。技術的な正しさだけでなく、社会的な影響も考慮すべきだ。",2,講義内容
"Data-centric MLといいながら、結局はモデルのアーキテクチャの話に戻ってしまうことがあり、テーマがぶれているように感じた。",2,講義内容
"MLOpsの全体像はなんとなく掴めたが、各コンポーネントの連携部分やデータの流れについての説明が駆け足で、腹落ちしなかった。",3,講義内容
"Human-in-the-loopの導入におけるコストと品質のトレードオフについて、もう少し定量的な議論が聞きたかった。",3,講義内容
"CI/CD for MLのパイプライン構築例は参考になった。ただ、PoC段階と本番運用段階でのパイプラインの具体的な違いについても触れてくれると、より理解が深まったと思う。",3,講義内容
"Data-centricなアプローチの重要性はよく理解できた。紹介されたデータクレンジングのテクニックは、すぐにでも試せそうだ。",3,講義内容
"MLのモニタリングの必要性は理解できたが、具体的にどのメトリクスを、どのくらいの頻度で監視すべきか、という基準の示唆がもう少し欲しかった。",3,講義内容
"講義資料はまとまっていて分かりやすかったが、もう少し詳細な説明が追記されていると、後から復習する際に助かる。",3,講義資料
"講師の説明は丁寧だったが、もう少し受講者とのインタラクション（問いかけなど）があると、より集中して聞けたと思う。",3,運営
"グループワークの時間が設けられていたのは良かったが、もう少しテーマ設定を工夫しないと、議論が深まらないと感じた。",3,運営
"講義内容は有益だったが、受講料を考えると、もう少しボリュームが欲しかった。",3,その他
"理論と実践のバランスは良かったと思う。欲を言えば、もう少しハンズオンの比率が高いと嬉しかった。",3,その他
"MLOpsの各ツールの比較検討があったのは良かったが、選定基準が少し曖昧に感じた。どのような状況でどのツールを選ぶべきか、という指針が欲しかった。",3,講義内容
"Human-in-the-loopのアクティブラーニングに関する説明は興味深かった。ただ、どのサンプリング戦略が有効か、という点についてはもう少し突っ込んでほしかった。",3,講義内容
"CI/CDのテスト自動化の話は参考になった。モデルの性能評価だけでなく、コード品質のチェックもパイプラインに組み込む重要性が理解できた。",3,講義内容
"Data-centric MLの文脈で、データのバージョン管理の重要性がよくわかった。DVCなどのツールにも触れてくれて良かった。",3,講義内容
"MLモニタリングのセクションで、異常検知の基本的なアルゴリズムについて解説があったのは良かった。",3,講義内容
"講義資料の図解は分かりやすかった。ただ、アーキテクチャ図については、もう少しコンポーネントごとの役割を明記してほしかった。",3,講義資料
"運営はスムーズだったが、講義資料の配布タイミングが講義直前で、予習する時間がなかったのが少し残念だった。",3,運営
"他の受講生との交流の機会はあったが、もう少し体系的なネットワーキングの時間が設けられていると、より有意義だった。",3,その他
"続編となるような、よりアドバンスドな内容の講義も企画してほしいと感じた。",3,その他
"講師の経験談が興味深かった。理論だけでなく、現場での泥臭い話が聞けたのは良かった。",3,その他
"MLOpsを導入する際の組織的な壁や、文化醸成のポイントについて触れられており、技術以外の視点も得られたのが良かった。",4,講義内容
"Human-in-the-loopの設計パターンがいくつか提示され、自分のプロジェクトにどのパターンを適用すべきか検討する良い材料になった。",4,講義内容
"CI/CDパイプラインにおいて、実験管理ツール（MLflowなど）とどう連携させるかという具体的な話が聞けたのが、非常に実践的だった。",4,講義内容
"Data-centric MLのアプローチとして、単にラベルミスを修正するだけでなく、データの重要度を評価して効率的に改善していく手法が紹介されており、大変参考になった。",4,講義内容
"MLのモニタリングにおいて、モデルの性能劣化を検知した後の、再学習やロールバックの戦略について体系的に学べたのが大きな収穫だった。",4,講義内容
"講義資料は、後から見返しても内容が理解できるように非常によく構成されていた。特に各章のまとめが秀逸だった。",4,講義資料
"図やシーケンス図が効果的に使われており、複雑なMLシステムの全体の流れを直感的に理解することができた。",4,講義資料
"運営の対応が非常に丁寧で、事前の案内から当日の進行まで、安心して受講することができた。",4,運営
"オンラインでの質問にもSlackで迅速に回答してくれ、疑問点をその場で解消できたのがありがたかった。",4,運営
"異業種のエンジニアと交流できたことで、自分の知らないドメインでの機械学習の課題や活用事例を知ることができ、視野が広がった。",4,その他
"講師の熱意が伝わってくる講義で、学習意欲が大いに刺激された。自分でもっと深く学んでいこうという気持ちになった。",4,その他
"MLOpsの導入を、技術的負債を返済する活動として捉えるという視点は、目から鱗だった。社内での説明にこの切り口を使おうと思う。",4,講義内容
"Human-in-the-loopにおけるアノテーターへのフィードバックの重要性と、その具体的な方法論が学べた。品質向上のための良いサイクルを回せそうだ。",4,講義内容
"CI/CDのセクションで、カナリアリリースやシャドーデプロイメントといった、MLモデルを安全にデプロイするための手法について学べたのが良かった。",4,講義内容
"Data-centric MLの考え方に基づき、現在のデータセットの問題点を分析するための具体的な手法（Data Profilingなど）を知ることができた。",4,講義内容
"MLモニタリングの事例として、単なる性能監視だけでなく、モデルの公平性や説明性（XAI）を継続的に監視する取り組みが紹介され、非常に示唆に富んでいた。",4,講義内容
"講義資料に、参考となる論文や記事へのリンクが豊富に掲載されており、自学自習を進める上での良い道標になった。",4,講義資料
"ハンズオンで発生したエラーに対して、TA（ティーチングアシスタント）の方のサポートが非常に的確で、スムーズに演習を進めることができた。",4,運営
"講義で学んだ内容を実践するための、小規模なプロジェクトの課題が提供されたのが良かった。知識の定着に繋がった。",4,その他
"この講義で得た知識のおかげで、現在関わっているプロジェクトの改善点が明確になった。すぐにアクションを起こせそうだ。",4,その他
"講師自身の失敗談を交えながらの説明が、非常に人間味にあふれていて、内容がすっと頭に入ってきた。",4,その他
"MLOpsを単なるツールの導入ではなく、開発プロセスや組織文化の変革として捉えるべきだというメッセージが、一貫していて非常に説得力があった。",5,講義内容
"Human-in-the-loopを導入する際の、能動学習（Active Learning）との効果的な組み合わせ方が非常に実践的で、すぐにでも業務で試したいと思える内容だった。",5,講義内容
"MLモデルのCI/CDだけでなく、データセットや特徴量ストアのバージョン管理まで含めた、包括的なパイプライン設計の話は、まさに私が知りたかった内容そのものだった。",5,講義内容
"「Garbage in, garbage out」を脱却するためのData-centric MLの体系的なアプローチ方法が学べ、これまでのモデル中心の考え方から完全に脱却できそうだ。",5,講義内容
"MLモニタリングにおいて、予測値の分布変化や特徴量のドリフトを自動検知し、再学習パイプラインを自動でトリガーする仕組みの解説は圧巻だった。ここまで自動化できるのかと感動した。",5,講義内容
"講義資料がJupyter Notebook形式で配布され、解説とコードが一体となっていたため、非常に学習しやすかった。今までで最高の教材だ。",5,講義資料
"図、表、コード、そして解説のバランスが完璧な講義資料だった。これ自体が一つの完成されたプロダクトだと感じた。",5,講義資料
"Slackでの質疑応答が非常に活発で、講義時間外でも講師や他の受講生と深い議論ができた。コミュニティとしての価値が非常に高かった。",5,運営
"タイムキーピングが完璧な上に、受講者の理解度を確認しながら進めてくれるなど、講師のファシリテーション能力が極めて高かった。",5,運営
"この講義をきっかけに、社内でMLOps推進のプロジェクトを立ち上げる決心がついた。キャリアの転換点になったかもしれない。",5,その他
"講師の実体験に基づく、生々しい成功事例と失敗談の数々が、何よりも価値のある学びだった。書籍やWeb記事では決して得られない知見だ。",5,その他
"MLOpsの導入フェーズごとに直面するであろう課題と、それに対する具体的な処方箋がセットで提示されており、自社の状況に当てはめて考えることができた。",5,講義内容
"Human-in-the-loopのROIをどう評価するか、という経営的な視点での解説があり、技術者としてだけでなく、ビジネスパーソンとしても視野が広がった。",5,講義内容
"CI/CDの文脈で、再現性の確保（Reproducibility）がいかに重要か、そしてそれを実現するための具体的な方法論（コード、データ、環境のバージョン管理）を深く理解できた。",5,講易内容
"Data-centric MLの実践において、ドメイン知識を持つ専門家をどう巻き込んでいくか、という組織論的なアプローチまで解説されており、非常に網羅的だった。",5,講義内容
"MLモニタリングのゴールは、単に問題を検知することではなく、ビジネスインパクトを最大化するための継続的な改善ループを回すことだ、という思想に深く共感した。",5,講義内容
"配布された資料には、講義で扱いきれなかった発展的な内容や、実装のヒントとなるコードスニペットが豊富に含まれており、受講後の学習にも非常に役立った。",5,講義資料
"講義後のアンケートやフィードバックを真摯に受け止め、次回の改善に繋げようという運営の姿勢に感動した。素晴らしいコミュニティだと思う。",5,運営
"受講後にアクセスできる限定コミュニティが用意されており、講義が終わった後も継続的に情報交換や学習ができる環境が提供されているのが本当に素晴らしい。",5,その他
"長年の疑問だった「MLシステムをどう安定運用するか」という問いに対して、明確な答えと道筋を示してくれた、最高の講義だった。",5,その他
"モニタリングの話は、技術的な指標の羅列で終わることが多く退屈しがちだが、この講義ではビジネスインパクトと紐づけて語られており、非常にエキサイティングだった。",5,講義内容
"Data-centricなアプローチは、結局人手がかかるというイメージだったが、それをいかに効率化・自動化するかという視点が満載で、実践へのハードルが大きく下がった。",4,講義内容
"CI/CDパイプラインの構築について、GitHub Actionsを使った具体的なYAMLファイルまで提示してくれたのが、すぐに役立つ知識でありがたかった。",4,講義内容
"Human-in-the-loopのセクションで、アノテーションの品質を自動でチェックする仕組みの紹介があり、目から鱗だった。",4,講義内容
"MLOpsのツール選定で、自社のフェーズ（実験段階か、本番運用段階か）によって適切なものが異なるという点が、非常に腹落ちした。",4,講義内容
"講義資料のデザインが洗練されていて、見ているだけでモチベーションが上がった。",4,講義資料
"休憩時間中の雑談タイムで、講師や他の受講生とカジュアルに話せたのが楽しかった。",4,運営
"受講証明書が発行されたのが、地味に嬉しかった。学習の達成感がある。",4,その他
"理論だけでなく、講師が「自分ならこうする」という主観的な意見をはっきり言ってくれたのが、かえって参考になった。",4,その他
"演習課題のレビューを講師から直接もらえたのが、非常に有益だった。",4,運営
"MLのモニタリングというと、どうしてもサーバー監視のような地味なイメージがあったが、この講義でその重要性と面白さを再認識できた。",3,講義内容
"Data-centric MLは、AIの民主化という文脈でも重要だという話が興味深かった。",3,講義内容
"CI/CDの話は少し駆け足だったように思う。もう少し時間をかけても良かった。",3,講義内容
"Human-in-the-loopは、結局コストが見合うのかどうか、判断が難しいと感じた。",3,講義内容
"MLOpsの全体像は掴めたが、自分の会社でどこから手をつければ良いのか、まだ迷っている。",3,講義内容
"講義資料のPDFに、後からメモを書き込みにくかった。",3,講義資料
"グループワークのメンバーとの相性が良くなく、あまり議論が弾まなかった。",3,運営
"この内容なら、もう少し受講料が安くても良いのではないかと感じた。",3,その他
"専門用語の解説がもう少し丁寧だと、初学者にも優しかったと思う。",2,講義資料
"講師が特定のツールを推しているように感じ、中立性に欠ける印象を受けた。",2,講義内容
"オンラインでの音声トラブルが数回あり、集中が途切れた。",2,運営
"講義のレベルが高く、正直なところ半分くらいしか理解できなかった。",2,その他
"CI/CD for MLと、従来のソフトウェアのCI/CDとの違いがいまいちピンとこなかった。",2,講義内容
"モニタリングの具体例が、画像認識や自然言語処理のタスクに偏っていた。",2,講義内容
"Data-centric MLを実践するための、組織体制についての言及が欲しかった。",2,講義内容
"Human-in-the-loopで、アノテーターのモチベーションをどう維持するか、という話が聞きたかった。",2,講義内容
"MLOpsの歴史的背景から説明してくれたのは良かったが、少し冗長に感じた。",2,講義内容
"講義資料のサンプルコードが、Pythonの最新の書き方（型ヒントなど）に対応していなかったのが残念。",2,講義資料
"質疑応答で、同じ人ばかりが質問していて、他の人が質問しにくい雰囲気だった。",2,運営
"講義で紹介されたフレームワークが、マイナーなもので、あまり参考にならなかった。",2,その他
"結局、MLOpsは体力のある大企業でないと導入は無理だという結論に至ってしまった。",1,講義内容
"Human-in-the-loopは理想論であり、コストとスピードが求められる現場では非現実的だと感じた。",1,講義内容
"CI/CDパイプラインを構築する以前に、モデル開発のプロセス自体が標準化されていないので、話の前提が違いすぎた。",1,講義内容
"Data-centric MLと言うが、アクセスできるデータ自体が限られている状況では、どうしようもない。",1,講義内容
"MLのモニタリングの重要性は分かったが、それを実現するためのエンジニアリングコストを考えると、費用対効果が合わないと感じた。",1,講義内容
"講義資料が配布されず、画面共有のみだったので、復習ができない。",1,講義資料
"運営側の不手際で、講義の開始時間が30分以上遅れた。謝罪もなかった。",1,運営
"この講義で得られたものは何もなかった。時間とお金の無駄だった。",1,その他
"講師の自慢話が多く、不快だった。",1,運営
"他の受講生の学習意欲が低く、グループワークが成立しなかった。",1,その他
"MLOpsの成功事例ばかりでなく、失敗事例とその原因分析をもっと深く掘り下げてほしかった。",2,講義内容
"Human-in-the-loopの文脈で、クラウドソーシングを使う際の注意点など、より実践的な知見が欲しかった。",2,講義内容
"CI/CDの話題で、コンテナ技術（Docker, Kubernetes）に関する説明がほとんどなく、物足りなかった。",2,講義内容
"Data-centricアプローチの有効性は理解したが、自分のドメインでどのように応用すれば良いか、具体的なヒントが得られなかった。",2,講義内容
"MLモニタリングにおいて、統計的な異常検知手法（例：変化点検出）についての解説が薄かった。",2,講義内容
"講義資料に掲載されているアーキテクチャ図が複雑すぎて、一見しただけでは理解できなかった。もう少し段階的な説明が欲しい。",2,講義資料
"演習問題の解答解説が不十分で、なぜそのコードになるのか理解しきれなかった部分がある。",2,講義資料
"運営への事前の問い合わせに対する返信が非常に遅く、不安になった。",2,運営
"受講者同士のコミュニケーションを促すような仕掛けが何もなく、孤独に受講している感覚だった。",2,運営
"講義で扱うテーマが広すぎて、一つ一つのトピックの掘り下げが浅くなってしまっていた。テーマを絞った方が良い。",2,その他
"前提知識として、特定のクラウドサービス（AWSなど）の経験が求められる部分があり、ついていくのが大変だった。",2,その他
"MLOpsの全体像は理解できたが、結局「全部やらないと意味がない」という風に聞こえてしまい、どこから手をつけて良いか途方に暮れている。",3,講義内容
"Human-in-the-loopの事例は興味深かったが、BtoBのニッチな領域での事例がもっとあると良かった。",3,講義内容
"CI/CDパイプラインの話は、概念は理解できたが、実際に手を動かして構築してみないと腹落ちしないと感じた。ハンズオンが欲しかった。",3,講義内容
"Data-centric MLのアプローチは正しいと思うが、データ品質を改善し続けるための文化をどう醸成するか、という点が課題だと感じた。",3,講義内容
"MLモニタリングのダッシュボード例は参考になった。ただ、どのような役割の人が、どのダッシュボードを見るべきか、というペルソナ設計の話もあると尚良かった。",3,講義内容
"講義資料はよくまとまっていた。欲を言えば、各スライドに関連するキーワードやタグが付いていると、後から検索しやすくて嬉しい。",3,講義資料
"講師の話し方は聞き取りやすかったが、時々専門用語を解説なしで使われることがあり、戸惑う場面があった。",3,運営
"オンラインとオフラインのハイブリッド開催だったが、マイクの切り替えなどがスムーズでない場面があった。",3,運営
"講義の内容には満足しているが、やはり値段が高い。もう少し安ければ同僚にも勧めやすいのだが。",3,その他
"得られた知識は多かったが、それを整理して自分のものにするための時間がもっと必要だと感じた。情報量が多かった。",3,その他
"MLOpsの導入事例として、スタートアップのようなリソースが限られた組織での事例が聞けたのが、非常に参考になった。",4,講義内容
"能動学習（Active Learning）の様々な戦略（不確実性サンプリングなど）を比較しながら解説してくれたので、理解が深まった。",4,講義内容
"CI/CDのテストにおいて、モデルの振る舞いをチェックするための「差分テスト」という考え方が面白かった。",4,講義内容
"データ拡張（Data Augmentation）のテクニックを、Data-centric MLの文脈で体系的に整理してくれたのが良かった。",4,講義内容
"MLモニタリングと実験管理プラットフォームを連携させ、改善サイクルを高速化するというアイデアは、すぐにでも取り入れたい。",4,講義内容
"講義資料に、講師がおすすめする書籍やブログ記事へのリンクがあり、学習を深める良いきっかけになった。",4,講義資料
"GitHubリポジトリで講義資料やサンプルコードが管理されており、バージョン管理がしっかりしている点に好感が持てた。",4,講義資料
"講義の最後に、全体を振り返るラップアップの時間があり、学びが整理された。",4,運営
"運営スタッフの対応が非常に親切で、気持ちよく受講できた。",4,運営
"様々なバックグラウンドを持つ受講生とのディスカッションを通じて、自分にはない視点を得ることができた。",4,その他
"この講義は、自分のキャリアについて見つめ直す良い機会となった。",4,その他
"MLOpsは単なる自動化ではなく、科学的な実験プロセスを回すための基盤である、という説明に感銘を受けた。",5,講義内容
"Human-in-the-loopこそが、AIと人間が協調する未来の姿だと確信できた。",5,講義内容
"デプロイ戦略（Blue/Green, Canary）をMLモデルの文脈で解説してくれたおかげで、安全なモデル更新のイメージが明確になった。",5,講義内容
"Data-centric AIのムーブメントを牽引するAndrew Ng氏の思想的背景まで解説してくれ、単なる技術論に留まらない深みがあった。",5,講義内容
"モデルの予測結果だけでなく、その「説明性（SHAP値など）」までモニタリングするという先進的な取り組みに、未来を感じた。",5,講義内容
"講義資料が、ストーリー仕立てになっており、非常に引き込まれた。学習体験として最高だった。",5,講義資料
"すべてのサンプルコードが、Colaboratoryですぐに実行できる状態で提供されており、環境構築の手間なく本質的な学習に集中できた。",5,講義資料
"講師だけでなく、TAや他の受講生も含めたコミュニティ全体で、学びを最大化しようという雰囲気が素晴らしかった。",5,運営
"どんな初歩的な質問にも、真摯に、そして丁寧に対応してくれる講師の姿勢に感動した。",5,運営
"この講義で得たネットワークは、今後のキャリアにおいて間違いなく財産になる。",5,その他
"費用は安くなかったが、それ以上の価値がある体験だった。まさに「投資」という言葉がふさわしい。",5,その他
"MLOpsの文脈におけるFeature Storeの役割とアーキテクチャについて、ここまで分かりやすく解説してくれた講義は他にない。",5,講義内容
"ラベリングコストを最小化するためのHuman-in-the-loop戦略の議論は、事業の収益に直結する非常に重要な学びだった。",5,講義内容
"MLパイプラインの各ステップで生成される「メタデータ」をどう管理し、活用するかという話は、システムのトレーサビリティを確保する上で非常に重要だと感じた。",5,講義内容
"データの品質を定義するためのフレームワーク（例：データの完全性、一貫性、適時性など）が学べたことで、Data-centricな取り組みを具体的に進められそうだ。",5,講義内容
"MLモニタリングの仕組み自体を、機械学習を使って高度化する（異常検知モデルの導入など）という話は、非常に刺激的だった。",5,講義内容
"講義資料に索引（インデックス）がついており、特定のトピックを後から参照するのが非常に容易だった。",5,講義資料
"講義の録画映像が、チャプター分けされて後日提供されたため、復習が非常にしやすかった。",5,運営
"ネットワーキングの時間に、講師が各グループを回って議論をファシリテートしてくれたのが、非常に有意義だった。",5,運営
"この講義は、私が次のステップに進むために必要な「地図」と「コンパス」を与えてくれた。",5,その他
"「完璧なMLシステムはない。改善し続ける仕組みこそが重要だ」というメッセージが、心に深く刻まれた。",5,その他
"結局MLOpsとは何なのか、というモヤモヤが完全に晴れた。",4,講義内容
"Data-centric MLの考え方は、モデル改善に行き詰まっているチームにとって、大きなブレークスルーになる可能性があると感じた。",4,講義内容
"CI/CDのハンズオンはなかったが、デモが非常に分かりやすく、自分で構築する際のイメージが湧いた。",4,講義内容
"講義資料は、印刷して手元に置いておきたいクオリティだった。",4,講義資料
"オンライン受講だったが、チャットでの質問が常に盛り上がっており、一体感があった。",4,運営
"講義のペース配分が絶妙で、集中力を切らさずに最後まで聴き通すことができた。",4,運営
"受講料は妥当、もしくはそれ以上の価値があると感じた。",4,その他
"講師の業界での豊富な経験が、話の端々から感じられ、説得力があった。",4,その他
"Human-in-the-loopの成功事例を聞いて、自分のプロジェクトでも導入を検討したくなった。",4,講義内容
"モニタリングの重要性は頭では分かっていたが、具体的なインシデント事例を聞くことで、その必要性を肌で感じることができた。",4,講義内容
"MLOpsの導入は、技術的な課題だけでなく、組織文化の変革も必要だという点が、よく理解できた。",3,講義内容
"Data-centricアプローチは重要だが、それを評価する指標をどう設定するかが難しいと感じた。",3,講義内容
"CI/CDの話は、もう少しインフラ寄りの知識がないと、完全に理解するのは難しいかもしれない。",3,講義内容
"講義資料のサンプルコードが、特定のフレームワーク（例: TensorFlow）に依存していた。PyTorchの例もあると嬉しかった。",3,講義資料
"質問時間はあったが、もう少し議論を深める時間が欲しかった。",3,運営
"グループワークのお題が少し曖昧で、どう進めれば良いか戸惑った。",3,運営
"内容は良かったが、1日で詰め込むには情報量が多すぎた。2日間に分けても良いかもしれない。",3,その他
"演習の難易度が、もう少し高い方がやりがいがあった。",3,その他
"Human-in-the-loopは聞こえは良いが、運用の手間を考えると、導入のハードルは高いと感じる。",3,講義内容
"MLのモニタリングは、結局どこまでやれば十分なのか、という問いに対する答えが見つからなかった。",3,講義内容
"CI/CD for MLと、ML基盤（Platform）の関係性についての整理が、自分の中ではまだできていない。",2,講義内容
"Data-centric MLは、結局のところ、地道なデータクリーニング作業の積み重ねだということが分かり、少しがっかりした。",2,講義内容
"MLOpsツールの紹介が、広く浅くという感じで、どのツールを深掘りすれば良いのか分からなかった。",2,講義内容
"講義資料の文字が小さく、読みづらいページがあった。",2,講義資料
"講師の話が早口で、聞き取るのが大変な場面があった。",2,運営
"演習環境が不安定で、しばしば接続が切れた。",2,運営
"受講生の前提知識がバラバラで、講義のレベル設定が難しそうだと感じた。",2,その他
"紹介された成功事例が、巨大IT企業のものばかりで、あまり参考にならなかった。",2,その他
"この講義は、MLOpsという言葉の意味を知る以上の価値はなかった。",1,講義内容
"Human-in-the-loopを導入するくらいなら、もっと高性能なモデルを探した方が早いと感じた。",1,講義内容
"CI/CDパイプラインを組むための、インフラコストの話が全くなかった。",1,講義内容
"Data-centric MLと言っているが、紹介されたテクニックは昔からあるものばかりで、目新しさがなかった。",1,講義内容
"モニタリングの話を聞いて、むしろやることが多すぎて、何から手をつければ良いか分からなくなった。",1,講義内容
"講義資料は、Web上のブログ記事を繋ぎ合わせたような内容で、体系的ではなかった。",1,講義資料
"運営の連絡がメールだったりSlackだったりバラバラで、情報を見逃しそうになった。",1,運営
"グループワークで、誰も発言せず、非常に気まずい時間が流れた。",1,運営
"この内容でこの値段は、正直言って高すぎる。返金してほしいレベルだ。",1,その他
"講義のタイトルと内容が一致していないように感じた。",1,その他
"MLOpsの導入効果を定量的に示す（例：開発リードタイムの短縮）事例が乏しかった。",2,講義内容
"Human-in-the-loopのコスト計算について、具体的な算出例が欲しかった。",2,講義内容
"CI/CDの文脈で、モデルのセキュリティ脆弱性スキャンなどについての言及が薄かった。",2,講義内容
"Data-centricなアプローチで、データのプライバシーをどう保護するかという視点が不足していた。",2,講義内容
"MLモニタリングのツールを自作する場合の、アーキテクチャ例などが知りたかった。",2,講義内容
"講義資料が、講義終了後にすぐにダウンロードできなかった。",2,講義資料
"講師のPC画面の解像度が低く、コードの文字が潰れて見えにくかった。",2,運営
"演習課題が、講義内容とあまり関係ないもので、意図がよく分からなかった。",2,その他
"講義内容が抽象的で、具体的なアクションに繋げにくい。",2,その他
"MLOpsの話は、半分くらいが組織論やマインドセットの話で、技術的な内容を期待していたので物足りなかった。",3,講義内容
"Human-in-the-loopのパートは、もう少し能動学習のアルゴリズムに踏み込んで解説してほしかった。",3,講義内容
"CI/CDパイプラインのトリガー（手動、定期的、コードコミット時など）について、使い分けの指針が欲しかった。",3,講義内容
"Data-centric MLの実践には、データ基盤チームとの連携が不可欠だと感じたが、そのあたりの話はなかった。",3,講義内容
"MLモニタリングにおいて、複数のモデルの性能を比較・管理する方法について、もう少し詳しく知りたかった。",3,講義内容
"講義資料はまとまっていたが、参照している図の出典が明記されていないものがいくつかあった。",3,講義資料
"講師と受講生のやり取りが一方通行に感じることがあった。",3,運営
"受講者数が多すぎて、一人一人へのケアが行き届いていないように感じた。",3,運営
"講義の内容は良かったが、もう少し短時間でコンパクトにまとめてほしかった。",3,その他
"自分の業務に直接活かせる内容は、全体の半分くらいだった。",3,その他
"MLOpsの文脈で、実験の再現性を担保することの難しさと重要性がよく理解できた。",4,講義内容
"Human-in-the-loopとデータ拡張を組み合わせることで、効率的にモデル性能を向上させるアプローチは非常に参考になった。",4,講義内容
"CI/CDパイプラインに、モデルカード（Model Card）の自動生成を組み込むというアイデアは、素晴らしいと思った。",4,講義内容
"Data-centricアプローチの第一歩として、まずデータセットに対する「仕様書」を作成するというプラクティスは、すぐにでも実践したい。",4,講義内容
"MLモニタリングにおいて、ビジネスサイドにも分かりやすい形でのレポーティングの重要性を学んだ。",4,講義内容
"講義資料に、各章の学習目標が明記されており、意識しながら受講することができた。",4,講義資料
"TAの方々が、受講生の質問に対してSlackで丁寧に補足説明をしてくれたのが、非常に助かった。",4,運営
"講義で使われたスライドだけでなく、講師が話した内容の要約メモも配布され、復習しやすかった。",4,運営
"この講義で学んだキーワードを元に、さらに自分で深掘り学習を進められそうだ。",4,その他
"講師の「MLシステムは生き物だ」という言葉が印象に残った。",4,その他
"MLOpsが、開発者（Dev）と運用者（Ops）だけでなく、ビジネス（Biz）やリサーチ（Research）も含めた概念であることが、事例を通じて深く理解できた。",5,講義内容
"Human-in-the-loopの設計は、まさにUXデザインそのものであるという指摘に、ハッとさせられた。技術的な視点だけでなく、人間中心の設計が重要だと痛感した。",5,講義内容
"CI/CDパイプラインを「コードとしてのインフラ（IaC）」で管理することのメリットと、Terraformを使った具体的な実装例が示され、非常にクリアになった。",5,講義内容
"Data-centricアプローチは、単なるデータクレンジングではなく、「データをソフトウェアのように扱う」という思想的転換なのだと理解できた。",5,講義内容
"MLモニタリングの究極的な目標は、システムの自律的な回復（Self-healing）であり、そのためのアーキテクチャパターンを学べたことは大きな財産だ。",5,講義内容
"講義資料が、オンラインでインタラクティブに操作できる形式（例：スライド内のコードをその場で実行できる）で、非常に革新的だった。",5,講義資料
"運営チームが、受講生同士の交流を促すためのオンライン懇親会を企画してくれ、非常に楽しかった。",5,運営
"受講前の期待をはるかに超える内容だった。間違いなく、これまで受けた研修の中で最高の体験だった。",5,その他
"この講義は、自分のキャリアにおける「北極星」のような、目指すべき方向を示してくれた。",5,その他
"「良いモデルを作る」ことから、「良いMLシステムを作り、改善し続ける」ことへ、思考のOSがアップデートされた感覚だ。",5,その他
"CI/CDのセクションで、セキュリティスキャン(SAST/DAST)をパイプラインに組み込む話があり、非常に実践的だった。",4,講義内容
"Data-centric MLの文脈での、合成データ(Synthetic Data)の活用法についての議論が興味深かった。",4,講義内容
"講義資料の各所にQRコードがあり、スマホで読み取ると関連情報にアクセスできるのが便利だった。",4,講義資料
"運営が用意してくれた事前学習用の資料が、講義内容の理解を大いに助けてくれた。",4,運営
"講義で学んだことを、早速チームに共有したところ、良い反応が得られた。",4,その他
"MLOpsの導入が、属人化の解消に繋がるという点が、管理職の視点からも有益だと感じた。",3,講義内容
"Human-in-the-loopの事例が、少し大規模なサービスの話が多く、小規模チームでの実践例が知りたかった。",3,講義内容
"講義の録画データが提供されたのはありがたいが、ダウンロード期限が短かった。",3,運営
"演習の時間がもう少し長ければ、もっと色々なことを試せたのに、と感じた。",3,その他
"一部のトピックについて、講師の意見が少し偏っているように感じられた。",2,講義内容
"講義資料の参照している論文へのリンクが切れているものがあった。",2,講義資料
"オンライン受講者のマイクがミュートになっておらず、雑音が入ることがあった。",2,運営
"内容は良かったが、自分の現在のスキルレベルとは少し合っていなかった。",2,その他
"結局のところ、MLOpsを実践するには高度なエンジニアリングスキルが必要で、自分にはハードルが高いと感じた。",1,講義内容
"講義で紹介されたツールが、自分の会社のセキュリティポリシーで利用できないものばかりだった。",1,その他
"講義の前提となる知識が膨大で、ついていくのが精一杯だった。",1,その他
"MLOpsの導入におけるROIの算出方法や、経営層への説明の仕方など、ビジネスサイドを巻き込むための具体的なノウハウが学べたのが大きかった。",4,講義内容
"Human-in-the-loopの文脈で、アノテーターの疲労やバイアスを検知し、タスクの割り当てを最適化するというアプローチは非常に先進的だと感じた。",5,講義内容
"CI/CDのパートで、インフラ構成をコードで管理するIaC(Infrastructure as Code)の重要性と、Terraformでの実践例が非常に参考になった。",4,講義内容
"Data-centric MLにおいて、データセットの「健康状態」を可視化するプロファイリングツールの紹介があり、すぐにでも導入したいと思った。",4,講義内容
"MLのモニタリングで、技術的なメトリクスだけでなく、ユーザーの行動変容やビジネスインパクトをどう計測するかという視点が新鮮だった。",5,講義内容
"講義資料にインタラクティブな要素（クリックすると詳細が表示される図など）があり、能動的な学習ができた。",4,講義資料
"講義資料が多言語に対応しており、グローバルなチームで共有しやすい点がありがたかった。",5,講義資料
"運営チームが、受講生のフィードバックを元に、講義の途中でも内容を柔軟に調整してくれた。素晴らしい対応力だった。",5,運営
"オフライン会場でのケータリングが充実しており、リラックスして講義に臨めた。",4,運営
"この講義で得た知識を活かして、社内で勉強会を立ち上げることができた。良いきっかけをもらった。",5,その他
"講師が推奨する学習ロードマップ（次に何を学ぶべきか）が示されたのが、今後の指針となりありがたかった。",4,その他
"MLOpsの歴史的な変遷を学ぶことで、なぜ今この技術が必要とされているのか、という背景を深く理解できた。",3,講義内容
"Human-in-the-loopの事例として、医療画像の診断支援システムの例が非常に興味深かった。",4,講義内容
"CI/CDパイプラインにおいて、ステージング環境でのA/Bテストを自動化する方法論が学べた。",4,講義内容
"Data-centric MLのアプローチとして、ノイズのあるラベルを修正する（Label Correction）手法について、もっと深く知りたかった。",3,講義内容
"MLのモニタリングで、予測の遅延（Latency）を監視することの重要性がよくわかった。",3,講義内容
"講義資料の各セクションの最後に、理解度をチェックするための小テストがついていたのが良かった。",4,講義資料
"講義資料のバージョン管理がGitHubで行われており、変更履歴を追えたのが良かった。",4,講義資料
"オンライン受講者向けに、ブレイクアウトルームでのディスカッションが用意されており、疎外感なく参加できた。",4,運営
"講義開始前に、アイスブレイクの時間があり、他の受講生と打ち解けることができた。",4,運営
"受講料は高めだったが、内容を考えればコストパフォーマンスは良いと感じる。",4,その他
"講師の失敗談が、成功談以上に学びが多かった。",5,その他
"MLOpsのアンチパターン（やってはいけないこと）の紹介が、非常に実践的で参考になった。",4,講義内容
"Human-in-the-loopを、探索的なデータ分析のフェーズで活用するというアイデアは、考えたこともなかったので新鮮だった。",4,講義内容
"CI/CDのセキュリティとして、利用するコンテナイメージの脆弱性スキャンをパイプラインに組み込む話は、すぐに実践すべきだと感じた。",5,講義内容
"データの系統（Data Lineage）を追跡することの重要性と、それを実現するツールについて学べたのが大きな収穫だった。",5,講義内容
"MLモニタリングにおいて、ドリフトを検知した際に、どの特徴量が原因となっているかを特定する手法まで解説されており、非常に高度な内容だった。",5,講義内容
"講義資料がWebページとして公開されており、検索性が高くて助かった。",4,講義資料
"配布された資料に、講師の個人的なメモやコメントが追記されており、思考の過程が垣間見えて面白かった。",4,講義資料
"運営側が用意したSlackチャンネルで、受講生同士での情報交換が活発に行われており、非常に有益だった。",5,運営
"講義終了後も、講師に質問できるオフィスアワーが設けられており、サポートが手厚いと感じた。",5,運営
"この講義を通じて、MLエンジニアとしての自分の市場価値を再認識できた。",4,その他
"「まずやってみる」ことの重要性を説く、講師の熱いメッセージに勇気づけられた。",5,その他
"MLOpsの文脈での、モデルガバナンスの確立方法について、もう少し具体的な話が聞きたかった。",3,講義内容
"Human-in-the-loopは、結局アノテーターの質に大きく依存するため、そのマネジメントが一番の課題だと感じた。",2,講義内容
"CI/CDパイプラインが複雑になりすぎると、それ自体のメンテナンスコストが問題になるのではないかと感じた。",2,講義内容
"Data-centric MLは聞こえは良いが、データの権利やプライバシーの問題をどうクリアするのか、という点が不明確だった。",2,講義内容
"MLのモニタリング項目が多すぎて、どれを優先すべきか判断に迷う。",2,講義内容
"講義資料のサンプルコードが、Jupyter Notebookだけでなく、通常のPythonスクリプト形式でも提供されていると、より良かった。",3,講義資料
"講義資料のフォーマットが統一されておらず、少し読みにくかった。",2,講義資料
"オンラインでの配信トラブルが何度かあり、その都度講義が中断してしまった。",2,運営
"質疑応答の時間が、講義の最後にまとめて設けられていたが、各セクションの直後にある方が良かった。",3,運営
"講義の難易度が、自分にとっては少し易しすぎた。",3,その他
"ハンズオンの題材が、自分の業務とはあまり関係のないドメインで、少し残念だった。",3,その他
"MLOpsの導入が目的化してしまい、ビジネス価値に繋がらないケースについての言及が欲しかった。",2,講義内容
"Human-in-the-loopの導入で、アノテーターへの指示出しの難しさなど、現場の泥臭い話がもっと聞きたかった。",2,講義内容
"CI/CDのテストで、カバレッジをどう計測・評価するかという話がなかった。",2,講義内容
"Data-centric MLの文脈で、非構造化データ（画像、テキスト）の扱いについての話が中心で、テーブルデータの話が少なかった。",2,講義内容
"MLのモニタリングで、異常を検知した後のアラート通知の仕組み（誰に、どのように通知するか）の設計の話が不足していた。",2,講義内容
"講義資料が、理論の説明に偏っており、実践的なコードが少なかった。",2,講義資料
"講義資料の図の色使いが目に優しくなく、長時間見るのが辛かった。",1,講義資料
"講師の特定の技術への肩入れが強く、公平な視点での解説ではなかったように思う。",1,講義内容
"グループワークの時間が長すぎて、後半は手持ち無沙汰になってしまった。",1,運営
"この内容であれば、書籍を読めば十分だと感じた。受講する価値はなかった。",1,その他
"講師が受講生の質問に対して、高圧的な態度を取る場面があり、不快だった。",1,運営
"MLOpsのツールチェーンを構築する際の、各ツールの連携（インテグレーション）の勘所が知りたかった。",3,講義内容
"Human-in-the-loopの適用が難しいタスク（例：創造的なタスク）についての議論も聞きたかった。",3,講義内容
"CI/CDパイプラインを、複数の環境（開発、ステージング、本番）でどう管理するかという話が参考になった。",4,講義内容
"Data-centricアプローチにおける、データのバージョン管理の重要性は理解したが、大規模データセットをどう効率的に管理するかが課題だと感じた。",3,講義内容
"MLのモニタリング結果を、プロダクトマネージャーや経営層にどう報告するか、というレポーティングの観点が有益だった。",4,講義内容
"講義資料に、豊富な演習問題とその解答がついており、知識の定着に役立った。",4,講義資料
"講義資料のビジュアルデザインが美しく、学習意欲を掻き立てられた。",5,講義資料
"運営スタッフの事前連絡が非常に丁寧で、安心して当日を迎えることができた。",5,運営
"受講者特典として、関連ツールの割引クーポンが提供されたのが嬉しかった。",4,その他
"この講義で出会った仲間と、今後も情報交換を続けていきたい。",5,その他
"MLOpsを、技術的負債を返済するための投資と捉える視点は、社内を説得する上で非常に有効だと感じた。",5,講義内容
"Human-in-the-loopのサイクルを回すことで、モデルだけでなく、データ自体も資産として成長させていくという考え方に感銘を受けた。",5,講義内容
"MLモデルのデプロイ戦略として、シャドーイング（Shadowing）の具体的な実装方法と評価方法が学べたのは大きな収穫だった。",5,講義内容
"Data-centricアプローチは、モデルの性能向上だけでなく、公平性（Fairness）や頑健性（Robustness）の改善にも繋がるという点が腑に落ちた。",5,講義内容
"MLのモニタリングを、単なる受け身の監視ではなく、次のアクションに繋げるための能動的なシステムとして設計するという思想が素晴らしかった。",5,講義内容
"講義資料に、講師が厳選した「読むべき論文トップ10」のリストがあり、非常に価値があった。",5,講義資料
"Slackでの議論が白熱し、本編とは別に新たな学びのチャネルが生まれていた。",5,運営
"講師が、受講生一人ひとりの名前と顔を覚えて、積極的にコミュニケーションを取ろうとしてくれたのが嬉しかった。",5,運営
"この講義は、私のキャリアにおけるマイルストーンとなった。受講して本当に良かった。",5,その他
"「完璧を目指すより、まず終わらせろ」というハッカー精神が、MLシステム開発にも通じるという話が印象的だった。",4,その他
"MLOpsの導入において、PoC（概念実証）から本格導入に移行する際の「死の谷」をどう乗り越えるか、という話がリアルだった。",4,講義内容
"Human-in-the-loopの文脈で、ゲーミフィケーションを用いてアノテーターのエンゲージメントを高めるという事例が面白かった。",4,講義内容
"CI/CDのパイプラインで、コードの静的解析（Lint）やフォーマッターを自動実行するステップを入れることの重要性を再認識した。",4,講義内容
"Data-centric MLにおいて、特徴量エンジニアリングを効率化するためのFeature Storeの役割がよく理解できた。",4,講義内容
"MLモニタリングにおいて、因果推論を用いて、モデルの介入がビジネスKPIに与えた影響を測定するという話は、非常に高度で興味深かった。",5,講義内容
"講義資料に、各トピックの歴史的背景や、第一人者の名前が記載されており、知識の体系化に役立った。",4,講義資料
"運営が、講義で利用したツールの設定ファイルや環境構築スクリプトを全て公開してくれたため、再現性が高く助かった。",5,運営
"講義後の懇親会で、講師や他の受講生と直接話す機会があり、非常に刺激になった。",4,運営
"受講料は決して安くはないが、得られた知識と人脈を考えれば、十分に元は取れたと感じている。",4,その他
"学んだことを実践するための「宿題」が出されたのが、学習の継続に繋がり良かった。",4,その他
"MLOpsとAgile開発手法をどう融合させるか、というテーマに関心があったが、その点についての言及は少なかった。",2,講義内容
"Human-in-the-loopは、結局人海戦術ではないか、という疑問が拭えなかった。",2,講義内容
"CI/CDの話は、ソフトウェアエンジニアにとっては既知の内容が多かったかもしれない。",3,講義内容
"Data-centric MLは重要だが、それを実践できるだけのデータ分析スキルを持つ人材が社内にいないのが現実だ。",2,その他
"MLモニタリングのツールを導入・運用するためのコストが、思った以上にかかりそうだと感じた。",2,講義内容
"講義資料は情報量が豊富だったが、もう少し要点を絞ってほしかった。",2,講義資料
"講師の声が単調で、長時間の講義では集中力を保つのが難しかった。",2,運営
"グループワークで、議論が発散してしまい、時間内に結論が出なかった。",2,運営
"この講義は、MLの実務経験が1年未満の人には、少し早すぎる内容かもしれない。",2,その他
"理論的な話が多く、もう少し手を動かす時間が欲しかった。",2,その他
"MLOpsの概念は理解できたが、それを支える具体的な数学的・統計的理論についての解説が不足していた。",1,講義内容
"Human-in-the-loopにおいて、悪意のあるアノテーターへの対策など、セキュリティ面での考慮が抜け落ちていた。",1,講義内容
"CI/CDのパイプラインが失敗した際の、デバッグや切り分けの方法についてのプラクティスが知りたかった。",1,講義内容
"Data-centric MLといいつつ、データの収集戦略については全く触れられなかった。",1,講義内容
"MLのモニタリングで、時系列データ特有の季節性やトレンドをどう扱うかという話がなかった。",1,講義内容
"講義資料のほとんどがテキストで、視覚的な理解を助ける図がほとんどなかった。",1,講義資料
"オンライン受講者への質問の機会が、オフライン受講者に比べて明らかに少なかった。",1,運営
"運営からの連絡事項に誤りが多く、混乱した。",1,運営
"講義で紹介された事例が、自分の業界とはかけ離れており、全く参考にできなかった。",1,その他
"期待していた内容と大きく異なり、時間とお金を無駄にしたと感じた。",1,その他
"MLOpsを導入した結果、逆に開発スピードが遅くなった、というような失敗事例も聞いてみたかった。",3,講義内容
"Human-in-the-loopの文脈で、アノテーションガイドラインをどう作成・維持していくかという話が有益だった。",4,講義内容
"CI/CD for MLと、DataOps、ModelOpsとの関係性が整理できてよかった。",4,講義内容
"Data-centric MLの実践として、データの「スライス」に基づいた評価の重要性がよくわかった。",4,講義内容
"MLのモニタリングで、アラート疲れを防ぐための工夫（重要度に応じた通知など）についての言及が欲しかった。",3,講義内容
"講義資料に、各章のキーワード集があり、復習に役立った。",4,講義資料
"講師の、受講生を飽きさせないための雑談や小ネタが面白かった。",4,運営
"受講者全員の自己紹介シートが事前に共有され、他の受講者の背景を知ることができて良かった。",4,運営
"この講義は、理論と実践のバランスが非常に良く取れていたと思う。",4,その他
"自分の課題意識が、他の受講生も同じように持っていることが分かり、安心した。",3,その他
"MLOpsの文化を醸成するために、まずどこから始めるべきか、という最初の一歩が明確になった。",5,講義内容
"Human-in-the-loopは、AIに「教える」プロセスそのものであり、教育的な側面が興味深いと感じた。",5,講義内容
"Git-flowのような開発プロセスと、CI/CDパイプラインをどう連携させるかという具体的な話が、チーム開発にすぐ役立つ知識だった。",5,講義内容
"Data-centricアプローチは、いわば「データセットに対するデバッグ」であり、ソフトウェア工学のアナロジーで理解できた。",5,講義内容
"MLモニタリングのシステムを、カナリアリリースとして段階的に導入するというプラクティスは、リスク管理の観点から非常に優れていると感じた。",5,講義内容
"講義資料に、アニメーションを使った解説があり、複雑な概念も直感的に理解できた。",5,講義資料
"どんな些細な質問にも、講師が敬意をもって答えてくれたのが印象的だった。",5,運営
"講義を通じて、MLシステム開発の「全体像」を見る力が養われたと思う。",5,その他
"この講義は、私にとってカンブリア爆発のような、一気に知識が広がり、繋がった体験だった。",5,その他
"「システムは、それが計測されるときに改善される」というピーター・ドラッカーの言葉を思い出した。モニタリングの重要性を再認識した。",4,講義内容
"MLOpsの文脈での、GPUリソースの効率的な管理方法についての話が聞けてよかった。",4,講義内容
"データの品質評価のために、人間による目視チェックと、自動化されたルールベースのチェックを組み合わせるというアプローチが現実的で良いと思った。",4,講義内容
"講義資料が、ダークモードに対応していて目に優しかった。",4,講義資料
"演習でペアプログラミングの時間が設けられており、他の受講生の考え方を知ることができて刺激になった。",4,運営
"講師の情熱が伝わってきて、自分も頑張ろうという気持ちになった。",4,その他
"Human-in-the-loopのROI評価が難しいという話があったが、A/Bテストで効果を測定するというアプローチは有効だと感じた。",3,講義内容
"CI/CDのパイプラインの可視化について、もう少し具体的なツールの紹介が欲しかった。",3,講義内容
"講義資料は良かったが、演習問題の量が少し物足りなかった。",3,講義資料
"オフライン会場の空調が効きすぎていて、少し寒かった。",2,運営
"受講生の技術レベルに差がありすぎて、グループディスカッションが成り立たない場面があった。",2,その他
"紹介されたMLOpsツールが、エンタープライズ向けの高価なものが多く、個人や小規模チームでは導入が難しいと感じた。",2,講義内容
"講義資料にタイポ（誤字）が散見され、少し気になった。",2,講義資料
"講師の説明が、少し学術的な側面に寄りすぎており、ビジネスへの応用イメージが湧きにくかった。",2,講義内容
"結局のところ、優秀なエンジニアがいないとMLOpsは実現できない、という無力感を感じてしまった。",1,講義内容
"講義の時間が押しているからといって、重要な部分の説明を省略するのはやめてほしかった。",1,運営
"MLOpsを導入するための、組織内での政治的な立ち回り方についてもっと聞きたかった。",3,その他
"Data-centric MLの文脈で、能動学習（Active Learning）を使って効率的にラベル付けする話が興味深かった。",4,講義内容
"MLモデルの再学習をトリガーする条件（閾値）をどう設定するか、という実践的な議論ができてよかった。",4,講義内容
"講義資料が、Mind Map形式でまとめられたものもあり、全体像を把握しやすかった。",4,講義資料
"講義の最後に、学んだことをどう活かすかのアクションプランを立てる時間が設けられていたのが良かった。",5,運営
"この講義は、単なる知識の伝達ではなく、考え方をアップデートする「体験」だった。",5,その他
"Feature Storeを導入するメリット・デメリットが、具体的な事例を交えて解説され、非常によく理解できた。",5,講義内容
"モデルの公平性（Fairness）をモニタリングし、意図しないバイアスを継続的に是正していく仕組みは、これからのMLシステムに必須だと感じた。",5,講義内容
"受講後もアクセスできるオンラインフォーラムがあり、学習を継続できる環境が素晴らしい。",5,運営
"この講義で得た学びは、私の今後のエンジニア人生を大きく左右するだろうと感じている。",5,その他
"Data-centricアプローチの限界や、注意点についても言及されており、バランスの取れた内容だと感じた。",4,講義内容
"講義資料に、講師が手書きで追記したメモがあり、ライブ感があって良かった。",4,講義資料
"オフライン会場が、交通の便の良い場所で助かった。",4,運営
"演習の難易度がちょうどよく、達成感があった。",4,その他
"CI/CDの話題で、GPUを使ったテストの自動化など、MLならではの課題に触れてほしかった。",3,講義内容
"講義で紹介されたツールの多くが、まだ発展途上であり、今すぐ本番導入するにはリスクがあると感じた。",2,講義内容
"講義資料が配布されたのが講義開始の直前で、予習する時間がなかった。",2,講義資料
"質問への回答が、少し的外れだと感じることがあった。",2,運営
"講義の大部分が、自分にとっては既知の内容だった。",1,その他
"講師が、特定のクラウドベンダーのソリューションばかりを推奨しているように感じた。",1,講義内容
"オンラインの配信画質が悪く、スライドの文字が読みにくかった。",1,運営
"MLOpsの文脈における、データガバナンスやコンプライアンスの重要性について、もっと時間を割くべきだ。",3,講義内容
"Data-centricなアプローチは、結局のところ、ドメイン知識がなければ成り立たないということを痛感した。",3,講義内容
"講義資料のサンプルコードに、丁寧なコメントが付いていて理解しやすかった。",4,講義資料
"講師の、難しい内容を簡単な言葉で説明する能力が非常に高かった。",5,運営
"この講義は、自分の知識の抜け漏れを確認する良い機会になった。",4,その他
"Human-in-the-loopの設計において、ユーザー体験（UX）を考慮することの重要性を学んだ。",5,講義内容
"再現可能な実験管理（Reproducible experiments）のプラクティスは、研究開発の効率を飛躍的に高めると感じた。",5,講義内容
"この講義で紹介されたベストプラクティスを、自社のML開発ガイドラインに反映させたい。",5,その他
"モニタリングの話で、ビジネスKPIへの影響を考慮したアラート設定の考え方が参考になった。",4,講義内容
"講義資料に、用語集（Glossary）がついていたのが非常に親切だった。",4,講義資料
"休憩時間にも、講師が気軽に質問に応じてくれてありがたかった。",4,運営
"受講者のレベルが高く、質疑応答が非常にハイレベルで刺激的だった。",4,その他
"CI/CDの話題で、もう少しセキュリティに関するトピック（例：機密情報の管理）に触れてほしかった。",3,講義内容
"講義で紹介されたツールは魅力的だが、学習コストが高そうだと感じた。",2,講義内容
"講師の話すスピードが速すぎて、メモを取るのが大変だった。",2,運営
"演習課題が、少し簡単すぎて物足りなかった。",2,その他
"講義で聞いた話は、理想論であり、現実の制約の中では実現不可能だと感じた。",1,講義内容
"運営側の連絡ミスで、講義のURLが間違っていた。",1,運営